1|4|asfasfasf|8|1
2|4|oke oke oke|2|0
3|4|test test|2|0
4|4|kjhkj|1|0
5|4|asdfsafda|1|0
<<<<<<< HEAD
6|4|komentar|8|0
7|4||8|0
8|4|koemntar2|8|0
9|4|open|8|0
=======
6|4|notifikacije|2|0
7|4|1|1|0
8|4|2|1|0
9|4|3|1|0
10|4|4|1|0
11|4|6|1|0
12|4|7|1|0
13|4|8|1|0
14|4|9|1|0
15|4|xcv|1|0
16|4|lskdfj;lakjf;alkjd|1|0
17|4|test test|2|0
18|4|test test|2|0
19|4|test test|2|0
20|4|test test|2|0
21|4|test test|2|0
22|4|test test|2|0
23|4|test test|2|0
24|4|test test|2|0
25|4|test test|2|0
26|4|test test|2|0
27|4|test test|2|0
28|4|test test|2|0
29|4|test test|2|0
30|4|test test|2|0
31|4|test test|2|0
32|4|test test|2|0
33|4|test test|2|0
34|4|test test|2|0
35|4|test test|2|0
36|4|test test|2|0
37|4|test test|2|0
38|4|test test|2|0
39|4|test test|2|0
40|4|test test|2|0
41|4|test test|2|0
42|4|test test|2|0
43|4|test test|2|0
44|4|test test|2|0
45|4|test test|2|0
46|4|test test|2|0
>>>>>>> feat/ForumCreation
